grupo,nombre
Confort,Climatizador
Confort,Climatizador bizona
Confort,Control de crucero
Confort,Control de crucero adaptativo
Confort,Asientos calefactables
Confort,Asientos eléctricos
Confort,Volante multifunción
Confort,Arranque sin llave
Confort,Portón eléctrico
Confort,Techo solar
Seguridad,Sensores de aparcamiento delanteros
Seguridad,Sensores de aparcamiento traseros
Seguridad,Cámara de marcha atrás
Seguridad,Cámara 360°
Seguridad,Aviso de ángulo muerto
Seguridad,Aviso de cambio de carril
Seguridad,Frenada de emergencia
Seguridad,Detector de fatiga
Multimedia,Navegador
Multimedia,Apple CarPlay
Multimedia,Android Auto
Multimedia,Bluetooth
Multimedia,Pantalla táctil
Multimedia,Cargador inalámbrico
Multimedia,Equipo de sonido premium
Exterior,Faros LED
Exterior,Faros de xenón
Exterior,Llantas de aleación
Exterior,Barras de techo
Exterior,Enganche de remolque
Exterior,Lunas tintadas
Exterior,Retrovisores plegables eléctricos
